"ID","Name","Concepticon_Gloss","Concepticon_ID"
"1_BODY","body","BODY",1480
"2_HEAD","head","HEAD",1256
"3_FACE","face","FACE",1560
"4_FOREHEAD","forehead","FOREHEAD",123
"5_SKULL","skull","SKULL",1605
"6_HAIR","hair","HAIR",1040
"7_BALD","bald","BALD",1125
"8_CROWN (OF HEAD)","crown","CROWN (OF HEAD)",1943
"9_EAR","ear","EAR",1247
"10_EARWAX","earwax","EARWAX",32
"11_EYE","eye","EYE",1248
"12_EYELID","eyelid","EYELID",17
"13_EYELASH","eyelashes","EYELASH",1540
"14_EYEBROW","eyebrows","EYEBROW",1173
"15_EYEBROW","eyebrow","EYEBROW",1173
"16_TEAR (OF EYE)","tears","TEAR (OF EYE)",1651
"17_TEAR (OF EYE)","tear","TEAR (OF EYE)",1651
"18_NOSE","nose","NOSE",1221
"19_NOSTRIL","nostril","NOSTRIL",1178
"20_NASAL MUCUS (SNOT)","mucus","NASAL MUCUS (SNOT)",208
"21_CHEEK","cheek","CHEEK",1730
"22_MOUTH","mouth","MOUTH",674
"23_NA","exterior part of the mouth",NA,NA
"24_ORAL CAVITY","interior part of the mouth","ORAL CAVITY",2674
"25_LIP","lips","LIP",478
"26_LIP","lip","LIP",478
"27_MOUSTACHE","moustache","MOUSTACHE",1165
"28_BEARD","goatee","BEARD",678
"29_CHIN","chin","CHIN",1510
"30_BEARD","beard","BEARD",678
"31_TONGUE","tongue","TONGUE",1205
"32_PALATE","palate","PALATE",540
"33_TOOTH","tooth","TOOTH",1380
"34_MOLAR TOOTH","molar","MOLAR TOOTH",1049
"35_GUMS","gums","GUMS",139
"36_BRAIN","brains","BRAIN",1583
"37_THROAT","throat","THROAT",1346
"38_NECK","neck","NECK",1333
"39_ADAM'S APPLE","Adam's apple","ADAM'S APPLE",802
"40_NAPE (OF NECK)","nape","NAPE (OF NECK)",1347
"41_CHEST","chest, breast (male)","CHEST",1592
"42_BREAST","breasts (female)","BREAST",1402
"43_BREAST","breast","BREAST",1402
"44_BREAST OR MILK","breast (female)","BREAST OR MILK",2129
"45_NIPPLE","nipple","NIPPLE",796
"46_BREAST MILK","breast milk","BREAST MILK",3912
"47_BREAST MILK","breast milk","BREAST MILK",3912
"48_SUCKLE (BREASTFEED, NURSE)","to suck at the breast","SUCKLE (BREASTFEED, NURSE)",2472
"49_SUCKLE (BREASTFEED, NURSE)","to suckle","SUCKLE (BREASTFEED, NURSE)",2472
"50_RIB","rib","RIB",801
"51_LUNG","lung","LUNG",688
"52_HEART","heart","HEART",1223
"53_STOMACH","stomach","STOMACH",819
"54_BELLY","belly","BELLY",1251
"55_INTESTINES","intestines","INTESTINES",1991
"56_LIVER","liver","LIVER",1224
"57_BILE","bile","BILE",1780
"58_SPLEEN","spleen","SPLEEN",1744
"59_KIDNEY","kidney","KIDNEY",489
"60_SIDE (BODY)","side","SIDE (BODY)",3344
"61_NAVEL","navel","NAVEL",1838
"62_UMBILICAL CORD","umbilical cord","UMBILICAL CORD",2663
"63_BACK","back","BACK",1291
"64_SPINE","backbone, spine","SPINE",805
"65_SHOULDER","shoulder","SHOULDER",1482
"66_SHOULDERBLADE","shoulderblade","SHOULDERBLADE",172
"67_BUTTOCKS","buttocks","BUTTOCKS",834
"68_BUTTOCKS","buttock","BUTTOCKS",834
"69_BUTTOCKS","posterior, buttocks","BUTTOCKS",834
"70_NA","tailbone, coccyx",NA,NA
"71_ANUS","anus","ANUS",1935
"72_SHIT (DEFECATE)","to defecate","SHIT (DEFECATE)",676
"73_FAECES (EXCREMENT)","faeces","FAECES (EXCREMENT)",675
"74_FART","fart","FART",1159
"75_FART","to fart","FART",1159
"76_SMELL (STINK)","to stink, to smell","SMELL (STINK)",1587
"77_PENIS","penis","PENIS",1222
"78_VAGINA","vagina","VAGINA",1836
"79_TESTICLES","testicle","TESTICLES",797
"80_COPULATE","to have intercourse","COPULATE",549
"81_COPULATE","to couple","COPULATE",549
"82_PISS","to urinate","PISS",592
"83_URINE","piss, urine","URINE",1142
"84_LEG","leg","LEG",1297
"85_FOOT OR LEG","foot (plus lower leg)","FOOT OR LEG",2098
"86_FOOT","foot","FOOT",1301
"87_SOLE (FOOT)","sole of the foot","SOLE (FOOT)",2666
"88_ANKLE","ankle","ANKLE",803
"89_HEEL","heel","HEEL",980
"90_UPPER LEG (THIGH)","thigh","UPPER LEG (THIGH)",471
"91_KNEE","knee","KNEE",1371
"92_NA","back of the knee",NA,NA
"93_CALF OF LEG","calf","CALF OF LEG",498
"94_SHIN","shin","SHIN",186
"95_ARM","arm","ARM",1673
"96_ARM OR HAND","hand plus fore-arm","ARM OR HAND",2121
"97_HAND","hand","HAND",1277
"98_UPPER ARM","upper arm","UPPER ARM",431
"99_ARMPIT","armpit","ARMPIT",1886
"100_ELBOW","elbow","ELBOW",981
"101_WRIST","wrist","WRIST",799
"102_PALM OF HAND","palm of the hand","PALM OF HAND",1183
"103_NA","lines in the palm of the hand",NA,NA
"104_FINGER","finger","FINGER",1303
"105_FINGER","fingers","FINGER",1303
"106_TOE","toe","TOE",1389
"107_FINGERNAIL OR TOENAIL","(finger)nail","FINGERNAIL OR TOENAIL",1896
"108_THUMB","thumb","THUMB",1781
"109_FOREFINGER","index finger","FOREFINGER",577
"110_MIDDLE FINGER","middle finger","MIDDLE FINGER",3387
"111_NA","ring finger",NA,NA
"112_LITTLE FINGER","little finger","LITTLE FINGER",2774
"113_THUMB","the big toe","THUMB",1781
"114_LITTLE FINGER","the little toe","LITTLE FINGER",2774
"115_BONE","bone","BONE",1394
"116_BLOOD","blood","BLOOD",946
"117_FLESH OR MEAT","flesh","FLESH OR MEAT",2615
"118_TENDON","tendon","TENDON",1137
"119_NERVE","nerve","NERVE",2626
"120_TENDON","sinew, nerve","TENDON",1137
"121_SKIN","skin","SKIN",763
"122_HAIR (BODY)","body hair","HAIR (BODY)",189
"123_FUR","body hair (animal)","FUR",580
"124_SWEAT (SUBSTANCE)","sweat","SWEAT (SUBSTANCE)",125
"125_SALIVA","saliva","SALIVA",1503
"126_PHLEGM","phlegm","PHLEGM",3061
"127_BREATH OR BREATHE","to breath","BREATH OR BREATHE",3183
"128_EAT","to eat","EAT",1336
"129_BE HUNGRY","hungry","BE HUNGRY",1533
"130_DRINK","to drink","DRINK",1401
"131_DRUNK","drunk","DRUNK",1463
"132_THIRSTY","thirsty","THIRSTY",847
"133_FULL","satisfied","FULL",1429
"134_SATIATED","replete, satisfied","SATIATED",106
"135_BITE","to bite","BITE",1403
"136_SWALLOW","to swallow down","SWALLOW",897
"137_SWALLOW","to swallow","SWALLOW",897
"138_SLEEP","to sleep","SLEEP",1585
"139_DREAM (SOMETHING)","to dream","DREAM (SOMETHING)",1920
"140_DREAM","dream","DREAM",2374
"141_SLEEPY","sleepy","SLEEPY",3620
"142_WAKE UP","to wake up","WAKE UP",1602
"143_RISE (ONESELF)","to get up","RISE (ONESELF)",1512
"144_STAND","to stand","STAND",1442
"145_WALK","to walk","WALK",1443
"146_LIE (REST)","to lie supine","LIE (REST)",1411
"147_LIE DOWN","to lie prone","LIE DOWN",215
"148_LIE DOWN","to lie","LIE DOWN",215
"149_SIT DOWN","to sit (on a chair)","SIT DOWN",1649
"150_NA","to sit (with the legs crossed)",NA,NA
"151_NA","to sit (with the knees bent to one side)",NA,NA
"152_SQUAT","to squat","SQUAT",3163
"153_SWIM","to swim","SWIM",1439
"154_WASH","to take a bath","WASH",1453
"155_WASH","to wash","WASH",1453
"156_STUTTER","to stammer","STUTTER",1866
"157_NA","to speak with a burr",NA,NA
"158_VOICE","voice","VOICE",1363
"159_NA","hoarse",NA,NA
"160_SHOUT","to shout","SHOUT",715
"161_LAUGH","to laugh","LAUGH",1355
"162_LAUGH","to laugh at","LAUGH",1355
"163_CRY","to weep","CRY",1839
"164_CRY","to weep for","CRY",1839
"165_SMILE","to smile","SMILE",1451
"166_NA","to sigh",NA,NA
"167_SPIT","to spit","SPIT",1440
"168_VOMIT","to vomit","VOMIT",1278
"169_SNEEZE","to sneeze","SNEEZE",1621
"170_COUGH","to cough","COUGH",879
"171_HICCOUGH","to hiccup","HICCOUGH",162
"172_HICCOUGH","hiccups","HICCOUGH",162
"173_CHOKE","to choke","CHOKE",129
"174_BELCH","belch","BELCH",2245
"175_BELCH","to belch","BELCH",2245
"176_YAWN","to yawn","YAWN",1028
"177_NA","to nod",NA,NA
"178_PREGNANT","pregnant","PREGNANT",1123
"179_BE BORN","to be born","BE BORN",1090
"180_PLACENTA","after birth","PLACENTA",3388
"181_TWINS","twins","TWINS",1005
"182_BE ALIVE","to live (alive)","BE ALIVE",1422
"183_DIE","to die","DIE",1494
"184_DEATH","death","DEATH",910
"185_DEAD","dead","DEAD",1625
"186_NA","the deceased",NA,NA
"187_NA","liquid formed during decomposition of body",NA,NA
"188_CORPSE","corpse","CORPSE",767
"189_COFFIN","coffin","COFFIN",2011
"190_BURY","to bury","BURY",1719
"191_GRAVE","grave","GRAVE",1773
"192_KILL","to kill","KILL",1417
"193_INHERIT","to inherit","INHERIT",3664
"194_NA","inheritance",NA,NA
"195_INJURE","to wound","INJURE",44
"196_WOUND","wound","WOUND",1109
"197_INFECTED","an infected wound","INFECTED",548
"198_SCAR","scar","SCAR",497
"199_SICK","ill","SICK",1847
"200_SICK","to be ill","SICK",1847
"201_HURT (SENSE PAIN)","to (be in) pain","HURT (SENSE PAIN)",2561
"202_HEALTHY","healthy","HEALTHY",1364
"203_BOIL (OF SKIN)","boil","BOIL (OF SKIN)",793
"204_SICK","to be feverish","SICK",1847
"205_FEVER","fever","FEVER",1534
"206_NA","to have a stomach ache",NA,NA
"207_NA","stomach ache",NA,NA
"208_DIARRHEA","to have diarrhoea","DIARRHEA",1177
"209_DIARRHEA","diarrhoea","DIARRHEA",1177
"210_SMALLPOX","small pox","SMALLPOX",1054
"211_MEASLES","measles","MEASLES",3389
"212_SWELLING","swelling, swollen","SWELLING",1903
"213_GOITER","goitre","GOITER",1957
"214_NA","eruption (of rash)",NA,NA
"215_TINEA","ichthyosis, tinea","TINEA",3173
"216_NA","framboesia",NA,NA
"217_SCABIES","scabies","SCABIES",3172
"218_LEPROSY","leprosy","LEPROSY",3624
"219_HEADACHE","headache","HEADACHE",3625
"220_NA","rheumatism",NA,NA
"221_COMMON COLD (DISEASE)","to have a cold","COMMON COLD (DISEASE)",102
"222_COMMON COLD (DISEASE)","a cold","COMMON COLD (DISEASE)",102
"223_NA","gone to sleep (limbs)",NA,NA
"224_NA","cramp",NA,NA
"225_DISABLED PERSON","paralysed","DISABLED PERSON",3621
"226_LAME","crippled","LAME",320
"227_MUTE PERSON","mute","MUTE PERSON",2320
"228_DEAF PERSON","deaf","DEAF PERSON",458
"229_BLIND","blind","BLIND",1653
"230_CLOSE (EYES)","to shut the eyes","CLOSE (EYES)",2063
"231_SQUINT-EYED","squinting","SQUINT-EYED",87
"232_CURE","cured","CURE",499
"233_MEDICINE","medicine","MEDICINE",1372
"234_MAGIC","medicine (with magic power)","MAGIC",392
"235_SHAMAN (FOLK HEALER)","doctor (medicine man)","SHAMAN (FOLK HEALER)",394
"236_PERSON","man, mankind","PERSON",683
"237_PEOPLE","people","PEOPLE",789
"238_PEOPLE","people","PEOPLE",789
"239_NAME","name","NAME",1405
"240_NAME","nickname","NAME",1405
"241_MALE PERSON","man","MALE PERSON",2106
"242_WOMAN","woman","WOMAN",962
"243_MALE (OF PERSON)","male (human)","MALE (OF PERSON)",2261
"244_MALE (OF ANIMAL)","male (animal)","MALE (OF ANIMAL)",2263
"245_FEMALE (OF PERSON)","female (human)","FEMALE (OF PERSON)",2260
"246_FEMALE (OF ANIMAL)","female (animal)","FEMALE (OF ANIMAL)",2262
"247_YOUNG MAN","youth (male)","YOUNG MAN",76
"248_VIRGIN","virgin","VIRGIN",2298
"249_NA","virginity",NA,NA
"250_BOY OR SON","boy, lad","BOY OR SON",2391
"251_GIRL","young girl","GIRL",1646
"252_GIRL","girl","GIRL",1646
"253_OLD MAN","old man","OLD MAN",406
"254_OLD WOMAN","old woman","OLD WOMAN",907
"255_FATHER","father","FATHER",1217
"256_MOTHER","mother","MOTHER",1216
"257_NA","oldest child",NA,NA
"258_NA","youngest child",NA,NA
"259_BOY","little child (male)","BOY",1366
"260_GIRL","little child (female)","GIRL",1646
"261_SON","son","SON",1620
"262_DAUGHTER","daughter","DAUGHTER",1357
"263_GRANDFATHER","grandfather","GRANDFATHER",1383
"264_GRANDMOTHER","grandmother","GRANDMOTHER",1496
"265_NA","great-great-grandparents",NA,NA
"266_NA","great-grandparents",NA,NA
"267_ANCESTORS","ancestors","ANCESTORS",1669
"268_BROTHER","brother","BROTHER",1262
"269_SISTER","sister","SISTER",1263
"270_OLDER BROTHER","older brother","OLDER BROTHER",1759
"271_OLDER SISTER","older sister","OLDER SISTER",1758
"272_YOUNGER BROTHER","younger brother","YOUNGER BROTHER",1760
"273_YOUNGER SISTER","younger sister","YOUNGER SISTER",1761
"274_GRANDCHILD","grandchild","GRANDCHILD",1617
"275_PATERNAL UNCLE (FATHER'S BROTHER)","uncle FB","PATERNAL UNCLE (FATHER'S BROTHER)",1985
"276_MATERNAL UNCLE (MOTHER'S BROTHER)","uncle MB","MATERNAL UNCLE (MOTHER'S BROTHER)",2692
"277_PATERNAL UNCLE (FATHER'S OLDER BROTHER)","uncle FBo","PATERNAL UNCLE (FATHER'S OLDER BROTHER)",2173
"278_PATERNAL UNCLE (FATHER'S YOUNGER BROTHER)","uncle FBy","PATERNAL UNCLE (FATHER'S YOUNGER BROTHER)",2174
"279_MATERNAL UNCLE (MOTHER'S OLDER BROTHER)","uncle MBo","MATERNAL UNCLE (MOTHER'S OLDER BROTHER)",3249
"280_MATERNAL UNCLE (MOTHER'S YOUNGER BROTHER)","uncle MBy","MATERNAL UNCLE (MOTHER'S YOUNGER BROTHER)",3250
"281_PATERNAL AUNT (FATHER'S SISTER)","aunt FZ","PATERNAL AUNT (FATHER'S SISTER)",2691
"282_MATERNAL AUNT (MOTHER'S SISTER)","aunt MZ","MATERNAL AUNT (MOTHER'S SISTER)",2693
"283_PATERNAL AUNT (FATHER'S OLDER SISTER)","aunt FZo","PATERNAL AUNT (FATHER'S OLDER SISTER)",3041
"284_PATERNAL AUNT (FATHER'S SISTER)","aunt FZy","PATERNAL AUNT (FATHER'S SISTER)",2691
"285_MATERNAL AUNT (MOTHER'S OLDER SISTER)","aunt MZo","MATERNAL AUNT (MOTHER'S OLDER SISTER)",3042
"286_MATERNAL AUNT (MOTHER'S YOUNGER SISTER)","aunt MZy","MATERNAL AUNT (MOTHER'S YOUNGER SISTER)",3043
"287_NEPHEW","nephew BoS","NEPHEW",1063
"288_NEPHEW","nephew ByS","NEPHEW",1063
"289_NEPHEW","nephew ZoS","NEPHEW",1063
"290_NEPHEW","nephew ZyS","NEPHEW",1063
"291_NIECE","niece BoD","NIECE",1642
"292_NIECE","niece ByD","NIECE",1642
"293_NIECE","niece ZoD","NIECE",1642
"294_NIECE","niece ZyD","NIECE",1642
"295_MALE COUSIN","cousin FB/FZS MB/MZS","MALE COUSIN",3822
"296_FEMALE COUSIN","cousin FB/FZD MB/MZD","FEMALE COUSIN",3823
"297_PARENTS-IN-LAW","parents-in-law","PARENTS-IN-LAW",306
"298_PARENTS","respective parents of the married couple","PARENTS",505
"299_SON-IN-LAW","son-in-law","SON-IN-LAW",1056
"300_DAUGHTER-IN-LAW","daughter-in-law","DAUGHTER-IN-LAW",1057
"301_NA","son or daughter-in-law",NA,NA
"302_STEPSON","stepson","STEPSON",1059
"303_STEPDAUGHTER","stepdaughter","STEPDAUGHTER",1058
"304_NA","stepparents",NA,NA
"305_NA","adopted child",NA,NA
"306_BROTHER-IN-LAW (OF MAN)","brother-in-law WB","BROTHER-IN-LAW (OF MAN)",2380
"307_NA","brother-in-law HB",NA,NA
"308_NA","brother-in-law WZH",NA,NA
"309_NA","brother-in-law HZH",NA,NA
"310_BROTHER-IN-LAW","brother-in-law","BROTHER-IN-LAW",2314
"311_SISTER-IN-LAW","sister-in-law HZ","SISTER-IN-LAW",2317
"312_SISTER-IN-LAW","sister-in-law WZ","SISTER-IN-LAW",2317
"313_NA","sister-in-law HBW",NA,NA
"314_NA","sister-in-law WBW",NA,NA
"315_FAMILY","related","FAMILY",194
"316_NA","unrelated",NA,NA
"317_HUSBAND","husband","HUSBAND",1200
"318_WIFE","wife","WIFE",1199
"319_FRIEND","friend","FRIEND",1325
"320_FRIEND","comrade, friend","FRIEND",1325
"321_COMPANION","comrade, mate","COMPANION",3978
"322_FRIEND","friend (female)","FRIEND",1325
"323_GUEST","guest","GUEST",1782
"324_GUEST OR STRANGER","guest, stranger","GUEST OR STRANGER",2908
"325_VILLAGE","village","VILLAGE",930
"326_COUNTRY","country","COUNTRY",1300
"327_TOWN","town (capital)","TOWN",1391
"328_VILLAGE","main village","VILLAGE",930
"329_NA","hamlet",NA,NA
"330_TRIBE","people (tribe)","TRIBE",1549
"331_SORCERER","sorcerer","SORCERER",823
"332_MAGIC","talisman","MAGIC",392
"333_BEWITCH","incantation","BEWITCH",118
"334_MAGIC","magic wand","MAGIC",392
"335_MAGIC","magic book","MAGIC",392
"336_MAGIC","sacred, magic writings","MAGIC",392
"337_IDOL","idol","IDOL",1945
"338_OMEN","omen","OMEN",107
"339_GHOST","ghost","GHOST",1175
"340_SPIRIT","spirit","SPIRIT",53
"341_DEMON","evil spirit","DEMON",1973
"342_NA","vampire (witch, werewolf)",NA,NA
"343_SOUL","soul, spirit","SOUL",811
"344_GHOST","soul, ghost","GHOST",1175
"345_DEITY","the supreme being","DEITY",3231
"346_RELIGION","religion","RELIGION",661
"347_WORSHIP","to worship","WORSHIP",257
"348_NA","vital spirit, vitality",NA,NA
"349_GOD","god","GOD",1944
"350_ANCESTORS","statue representing an ancestor/ancestors","ANCESTORS",1669
"351_NA","writing",NA,NA
"352_LETTER","letter","LETTER",1612
"353_PAPER","paper","PAPER",648
"354_LETTER","letter","LETTER",1612
"355_BOOK","book","BOOK",963
"356_STORY","story","STORY",2060
"357_NA","history, legend",NA,NA
"358_POETRY","poem","POETRY",541
"359_SONG","tune, melody","SONG",1096
"360_HEAVEN","heaven","HEAVEN",1565
"361_HELL","hell","HELL",878
"362_NA","underworld",NA,NA
"363_HELL","underworld","HELL",878
"364_HEAVEN","the upper world","HEAVEN",1565
"365_NA","population",NA,NA
"366_NA","the afterlife",NA,NA
"367_NA","virtue",NA,NA
"368_SIN","sin","SIN",2971
"369_NA","forbidden",NA,NA
"370_NA","forbidden, taboo",NA,NA
"371_PRIEST","priest","PRIEST",852
"372_PRIEST","priestess","PRIEST",852
"373_SHAMAN (FOLK HEALER)","shaman","SHAMAN (FOLK HEALER)",394
"374_TEMPLE","temple","TEMPLE",911
"375_TEMPLE","holy place","TEMPLE",911
"376_TOWN","settlement","TOWN",1391
"377_MEETING HOUSE","town hall","MEETING HOUSE",335
"378_KING","king","KING",1508
"379_MINISTER","a sort of first minister","MINISTER",486
"380_MINISTER","mantri","MINISTER",486
"381_GUARD","guard","GUARD",1940
"382_PLACE (POSITION)","(sacred) place (held in awe)","PLACE (POSITION)",723
"383_MEETING HOUSE","village hall","MEETING HOUSE",335
"384_MEN'S HOUSE","men's house","MEN'S HOUSE",408
"385_HOUSE","women's house","HOUSE",1252
"386_CHIEFTAIN","village head","CHIEFTAIN",301
"387_CHIEFTAIN","chieftain","CHIEFTAIN",301
"388_NOBLE","nobleman","NOBLE",482
"389_OLD (AGED)","village elders","OLD (AGED)",2112
"390_WARRIOR","warrior","WARRIOR",3608
"391_HAPPINESS","happiness","HAPPINESS",2941
"392_SADNESS","unhappiness","SADNESS",3854
"393_FREEMAN","free man","FREEMAN",384
"394_SLAVE","slave","SLAVE",812
"395_CUSTOM","custom","CUSTOM",1747
"396_LAW","common law","LAW",1062
"397_CRIMINAL","criminal","CRIMINAL",3875
"398_ADJUDICATE","to judge","ADJUDICATE",1818
"399_PUNISH","to punish","PUNISH",3649
"400_FINE (PENALTY)","fine","FINE (PENALTY)",218
"401_WITNESS","witness","WITNESS",1144
"402_JUDGE","judge","JUDGE",861
"403_NA","credit bondsman",NA,NA
"404_FUNERAL","funeral ceremony","FUNERAL",3336
"405_CIRCUMCISION","to circumcise","CIRCUMCISION",393
"406_FILE (SOMETHING)","filing of the teeth","FILE (SOMETHING)",3113
"407_MARRY (AS MAN)","to marry, to take a wife, marriage","MARRY (AS MAN)",2164
"408_MARRY (AS WOMAN)","to marry, to take a husband, marriage","MARRY (AS WOMAN)",2163
"409_NA","to give in marriage",NA,NA
"410_DIVORCE (SEPARATE)","to divorce","DIVORCE (SEPARATE)",3672
"411_BRIDE PRICE","bride price","BRIDE PRICE",3024
"412_AGREEMENT","betrothal","AGREEMENT",3644
"413_GIVE BIRTH","to give birth to","GIVE BIRTH",1195
"414_MIDWIFE","midwife","MIDWIFE",3859
"415_ADULTERY","to commit adultery","ADULTERY",902
"416_PROSTITUTE","prostitute","PROSTITUTE",1610
"417_NA","dancing girl",NA,NA
"418_MASK","mask","MASK",2005
"419_NA","violin",NA,NA
"420_FLUTE","flute","FLUTE",777
"421_DRUM","drum","DRUM",908
"422_TAMBOURINE","tambourine","TAMBOURINE",3141
"423_NA","xylophone",NA,NA
"424_GONG","gong","GONG",2502
"425_SHELL","conch shell","SHELL",598
"426_JEW'S HARP","Jew's harp","JEW'S HARP",3319
"427_HORN (INSTRUMENT)","horn","HORN (INSTRUMENT)",939
"428_DANCE","to dance","DANCE",1879
"429_SONG","song","SONG",1096
"430_RIDDLE","riddle","RIDDLE",2970
"431_RIDDLE","to ask a riddle","RIDDLE",2970
"432_PLAY","to play","PLAY",1413
"433_TOP","top","TOP",1753
"434_SPIN","to spin a top","SPIN",121
"435_JUMP","to hop","JUMP",1829
"436_KICK","to kick/to hit a person on the calves (k.o. play)","KICK",1135
"437_HOUSE","house","HOUSE",1252
"438_HUT","hut, shelter","HUT",1678
"439_ROOF","roof","ROOF",769
"440_RIDGEPOLE","ridge of roof","RIDGEPOLE",280
"441_THATCH","roofing: thatch","THATCH",279
"442_THATCH","roofing: bamboo lath","THATCH",279
"443_THATCH","roofing: wood","THATCH",279
"444_THATCH","roofing: bark","THATCH",279
"445_ROOF","roofing: other materials","ROOF",769
"446_RAFTER","rafter","RAFTER",829
"447_PORCH","porch","PORCH",3269
"448_DOOR","door opening","DOOR",1567
"449_DOOR","door","DOOR",1567
"450_WINDOW","window opening","WINDOW",1375
"451_WINDOW","window","WINDOW",1375
"452_CORNER","corner","CORNER",192
"453_STAIRS","staircase, steps","STAIRS",34
"454_LADDER","ladder","LADDER",1464
"455_CLIMB","to climb into a house","CLIMB",1102
"456_FLOOR","floor (made from bamboo lath)","FLOOR",1632
"457_FLOOR","floor (made from wood)","FLOOR",1632
"458_WALL","wall (plank wall)","WALL",3830
"459_WALL","wall (bamboo wall)","WALL",3830
"460_NA","midrib of palm frond",NA,NA
"461_COLUMN","main posts","COLUMN",2045
"462_COLUMN","ceiling beams","COLUMN",2045
"463_BED","bed","BED",1663
"464_CURTAIN","curtain","CURTAIN",2621
"465_BEDROOM","sleeping place","BEDROOM",2505
"466_ROOM","small room","ROOM",1450
"467_PILLOW","cylindrical bolster","PILLOW",1044
"468_MATTRESS","sleeping mat","MATTRESS",105
"469_PILLOW","pillow","PILLOW",1044
"470_SOFA","couch","SOFA",3099
"471_PORCH","front verandah","PORCH",3269
"472_NA","attic (under the roof)",NA,NA
"473_RACK (FOR STORING FOOD)","rack above the fireplace","RACK (FOR STORING FOOD)",3176
"474_FIREPLACE","hearth, fireplace","FIREPLACE",185
"475_FIRE","fire","FIRE",221
"476_FIRE","fire","FIRE",221
"477_LIGHT (IGNITE)","to make a fire","LIGHT (IGNITE)",737
"478_EXTINGUISH","to extinguish (with water)","EXTINGUISH",127
"479_EXTINGUISH","to extinguish","EXTINGUISH",127
"480_BLOW (WITH MOUTH)","to blow on a fire","BLOW (WITH MOUTH)",176
"481_BECOME EXTINGUISHED","extinguished","BECOME EXTINGUISHED",2209
"482_SMOKE (EXHAUST)","smoke","SMOKE (EXHAUST)",778
"483_ASH","ashes","ASH",646
"484_FIREWOOD","fire wood","FIREWOOD",10
"485_LIGHT (IGNITE)","to put on (light)","LIGHT (IGNITE)",737
"486_EXTINGUISH","to put off (light)","EXTINGUISH",127
"487_AREA UNDER HOUSE","space under the house","AREA UNDER HOUSE",2632
"488_CURTAIN","bed curtain","CURTAIN",2621
"489_BENCH","bench, seat","BENCH",2584
"490_BUILD","to build","BUILD",1840
"491_DESTROY","to pull down (house)","DESTROY",681
"492_SHELL","coconut shell","SHELL",598
"493_POT","pot (iron)","POT",1462
"494_CLAY POT","pot (earthenware)","CLAY POT",2055
"495_RICE STEAMER","rice kettle (copper)","RICE STEAMER",854
"496_RICE STEAMER","rice kettle (earthenware)","RICE STEAMER",854
"497_PLATE","dish","PLATE",480
"498_CUP","cup","CUP",476
"499_CUP","drinking bowl","CUP",476
"500_STORING POT","(tea) pot","STORING POT",3765
"501_SAUCER","saucer (earthenware)","SAUCER",271
"502_SAUCER","small saucer (earthenware)","SAUCER",271
"503_SAUCER","copper saucer","SAUCER",271
"504_SAUCER","copper dish","SAUCER",271
"505_KNIFE","knife","KNIFE",1352
"506_CLEAVER","chopper","CLEAVER",3067
"507_SWORD","kris","SWORD",1535
"508_SMALL KNIFE","dagger","SMALL KNIFE",3233
"509_AXE","axe, hatchet","AXE",677
"510_SPOON","spoon","SPOON",1378
"511_LADLE","ladle","LADLE",2657
"512_BARREL","bamboo water container","BARREL",2548
"513_DRAW (WATER)","to fetch water","DRAW (WATER)",1911
"514_BASKET","basket (all sorts of)","BASKET",1539
"515_LAMP","lamp","LAMP",625
"516_NA","lamp wick",NA,NA
"517_TORCH","torch","TORCH",1919
"518_BOX OR CHEST","case","BOX OR CHEST",3150
"519_BOX OR CHEST","box, case","BOX OR CHEST",3150
"520_WARDROBE","case for cloth","WARDROBE",3106
"521_COOKING POT","cooking pot","COOKING POT",3653
"522_POT","pot, jar","POT",1462
"523_BURN","to fire pottery","BURN",2102
"524_CLAY POT","earthen water barrel","CLAY POT",2055
"525_COOK (SOMETHING)","to cook in bamboo container","COOK (SOMETHING)",1100
"526_COOK (SOMETHING)","to cook (in pot)","COOK (SOMETHING)",1100
"527_STEAM (VERB)","to steam","STEAM (VERB)",2067
"528_BAKE","to bake, to grill, to fry","BAKE",183
"529_ROAST (SOMETHING)","to roast (in ashes)","ROAST (SOMETHING)",1962
"530_ROAST (SOMETHING)","to grill, to roast","ROAST (SOMETHING)",1962
"531_BAKE","to bake","BAKE",183
"532_RIPE OR COOKED","done","RIPE OR COOKED",3806
"533_RAW","half done","RAW",1959
"534_FOOD","food","FOOD",256
"535_NA","provisions",NA,NA
"536_PREPARED FOOD","side-dish","PREPARED FOOD",3542
"537_VEGETABLES","vegetables","VEGETABLES",924
"538_FLESH OR MEAT","meat","FLESH OR MEAT",2615
"539_FLESH OR MEAT","meat (raw)","FLESH OR MEAT",2615
"540_MEAT","dried meat","MEAT",634
"541_FISH","fish","FISH",227
"542_RICE PLANT","rice plant","RICE PLANT",2026
"543_UNCOOKED RICE","harvested rice","UNCOOKED RICE",3289
"544_RICE","husked rice","RICE",926
"545_COOKED RICE","cooked rice","COOKED RICE",1191
"546_UNHUSKED RICE","unhusked rice","UNHUSKED RICE",2749
"547_PLANT STEM","stalk","PLANT STEM",2628
"548_GRAIN","ear of rice, corn","GRAIN",605
"549_GRANARY","rice barn","GRANARY",3657
"550_MORTAR","rice pounder, mortar","MORTAR",224
"551_GRINDSTONE","pounder","GRINDSTONE",2459
"552_POUND","to pound","POUND",354
"553_SIEVE (TOOL)","sieve for rice","SIEVE (TOOL)",3353
"554_CHAFF (HUSK)","chaff","CHAFF (HUSK)",2363
"555_GRIND","to grind","GRIND",1033
"556_CONGEE","rice porridge","CONGEE",2049
"557_NA","sago flour",NA,NA
"558_NA","sago porridge",NA,NA
"559_NA","baked sago",NA,NA
"560_CAKE","cake","CAKE",2408
"561_CONGEE","porridge","CONGEE",2049
"562_PEPPER","black pepper","PEPPER",1385
"563_SALT","salt","SALT",1274
"564_NA","coconut pulp",NA,NA
"565_SARONG","sarong","SARONG",2413
"566_CLOTH","cloth","CLOTH",1616
"567_TROUSERS","trousers","TROUSERS",809
"568_NA","kebaya",NA,NA
"569_JACKET","jacket (for women)","JACKET",2770
"570_JACKET","jacket (for men)","JACKET",2770
"571_HEADBAND OR HEADDRESS","head cloth (for women)","HEADBAND OR HEADDRESS",3457
"572_HEADBAND OR HEADDRESS","head cloth (for men)","HEADBAND OR HEADDRESS",3457
"573_COMB","comb","COMB",1475
"574_COMB","fine tooth comb","COMB",1475
"575_RING","finger ring","RING",1374
"576_RING","ring","RING",1374
"577_BELT","waist belt/band","BELT",772
"578_BELT","metal waist band","BELT",772
"579_BRACELET","arm ring, bracelet","BRACELET",1754
"580_NA","anklet",NA,NA
"581_BRACELET","arm ring (upper arm)","BRACELET",1754
"582_EARRING","earring","EARRING",770
"583_EARRING","earclip","EARRING",770
"584_NECKLACE","necklace","NECKLACE",1961
"585_BEAD","bead","BEAD",1860
"586_SHAWL","shawl","SHAWL",2771
"587_SARONG","sarong used as a sling","SARONG",2413
"588_LOINCLOTH","loin cloth","LOINCLOTH",1965
"589_CLOTH","cotton fabric (local, European)","CLOTH",1616
"590_SILK","silk","SILK",1641
"591_CLOTH","woollen fabric","CLOTH",1616
"592_CLOTH","flannel","CLOTH",1616
"593_WEAVE","to weave","WEAVE",133
"594_LOOM","loom (meed)","LOOM",1787
"595_THREAD","loom (weaving spool)","THREAD",1161
"596_LOOM","loom (warp)","LOOM",1787
"597_NA","loom (weft)",NA,NA
"598_BARK","bark cloth","BARK",1204
"599_POUND","to pound bark cloth","POUND",354
"600_BRAID (VERB) OR WEAVE (BASKET)","to weave, to plait","BRAID (VERB) OR WEAVE (BASKET)",3294
"601_SPIN","to twine a rope","SPIN",121
"602_ROPE","rope","ROPE",1218
"603_THREAD","thread, yarn","THREAD",1161
"604_KNOT","to knot, to knit","KNOT",760
"605_BAG","bag (woven bag)","BAG",2468
"606_BAG","bag (made from rope)","BAG",2468
"607_SWORD","sword","SWORD",1535
"608_SWORD","sabre","SWORD",1535
"609_SHEATH","sheath","SHEATH",3424
"610_CUT","to chip, cut, slash","CUT",1432
"611_SPEAR","pike, lance, javelin","SPEAR",945
"612_BLOWGUN","blow-pipe","BLOWGUN",432
"613_BOW","bow","BOW",994
"614_BOW STRING","bowstring","BOW STRING",2119
"615_ARROW","arrow","ARROW",977
"616_QUIVER (FOR ARROWS)","quiver","QUIVER (FOR ARROWS)",995
"617_SHIELD","shield","SHIELD",1064
"618_FLAG","flag","FLAG",2623
"619_CANNON","kind of small cannon","CANNON",3202
"620_PISTOL","rifle","PISTOL",3881
"621_GUNPOWDER","gun powder","GUNPOWDER",1798
"622_BULLET","bullet","BULLET",1114
"623_SHOOT","to shoot","SHOOT",1172
"624_SLING","sling","SLING",387
"625_WAR","to wage war","WAR",935
"626_WAR","war","WAR",935
"627_ENEMY","enemy","ENEMY",1358
"628_CANNON","cannon","CANNON",3202
"629_HUNT","to go head hunting","HUNT",1435
"630_PEACE","peace","PEACE",1338
"631_FORTRESS","fortification","FORTRESS",1938
"632_BE DEFEATED","defeated","BE DEFEATED",3535
"633_WIN","to gain the victory, to win","WIN",866
"634_SURRENDER","to surrender","SURRENDER",1696
"635_VICTORY","victory","VICTORY",783
"636_PRISONER","prisoner of war","PRISONER",1072
"637_NA","delegate",NA,NA
"638_TAX","tribute","TAX",873
"639_GIFT","tribute <as a mark of respect >","GIFT",2982
"640_TAX","tax","TAX",873
"641_CULTIVATE","to farm","CULTIVATE",1541
"642_PLOUGH (INSTRUMENT)","plough","PLOUGH (INSTRUMENT)",2154
"643_NA","coulter",NA,NA
"644_RAKE","rake","RAKE",338
"645_DIBBLE STICK","dibble","DIBBLE STICK",3155
"646_DIG","to make a hole (with a dibble in the ground)","DIG",1418
"647_SPADE","spade","SPADE",1176
"648_NA","trowel (a small trowel)",NA,NA
"649_SICKLE OR SCYTHE","knife for cutting grass","SICKLE OR SCYTHE",2132
"650_SICKLE","sickle","SICKLE",341
"651_SMALL KNIFE","knife for cutting rice plant","SMALL KNIFE",3233
"652_HOE","hoe","HOE",284
"653_GARDEN","garden","GARDEN",586
"654_PADDY FIELD","rice-field (wet, sawah)","PADDY FIELD",140
"655_FIELD (UPLAND)","rice-field (dry)","FIELD (UPLAND)",2794
"656_NA","small dike in rice-field",NA,NA
"657_IRRIGATE","irrigation","IRRIGATE",3078
"658_CHANNEL","water-course channel","CHANNEL",2423
"659_FENCE","fence, hedge","FENCE",1690
"660_PLANT (VEGETATION)","vegetation","PLANT (VEGETATION)",653
"661_PLANT (VEGETATION)","planting, recently planted crop, a newly established garden","PLANT (VEGETATION)",653
"662_PLANT (SOMETHING)","to sow (placing the seeds in holes in the ground)","PLANT (SOMETHING)",1486
"663_SOW SEEDS","to sow (scattering the seeds about)","SOW SEEDS",748
"664_SEED","seed","SEED",714
"665_PLANT (SOMETHING)","to plant","PLANT (SOMETHING)",1486
"666_TREAD","to thresh with the feet","TREAD",575
"667_SEED","seed-rice","SEED",714
"668_RIPE","ripe","RIPE",178
"669_UNRIPE","unripe","UNRIPE",1958
"670_HARVEST CROPS","to harvest","HARVEST CROPS",1827
"671_HARVEST CROPS","to reap","HARVEST CROPS",1827
"672_HARVEST CROPS","to gather","HARVEST CROPS",1827
"673_PICK","to pick","PICK",2148
"674_MAIZE","maize, corn","MAIZE",506
"675_MILLET","millet","MILLET",931
"676_BEAN OR PEA","beans and peas","BEAN OR PEA",2574
"677_BEAN","beans","BEAN",832
"678_BEAN","bean","BEAN",832
"679_CUCUMBER","cucumber","CUCUMBER",496
"680_PUMPKIN","pumpkin","PUMPKIN",864
"681_TOBACCO","tobacco","TOBACCO",974
"682_SUGAR CANE","sugarcane","SUGAR CANE",146
"683_GROUNDNUT (PEANUT)","peanut","GROUNDNUT (PEANUT)",595
"684_ONION","onion","ONION",2366
"685_GOURD","gourd","GOURD",411
"686_SWEET POTATO","species of tuber","SWEET POTATO",159
"687_SWEET POTATO","sweet potato","SWEET POTATO",159
"688_CASSAVA","cassava","CASSAVA",925
"689_TARO","taro","TARO",351
"690_CHILI PEPPER","red pepper","CHILI PEPPER",919
"691_COCONUT TREE","coconut (tree)","COCONUT TREE",147
"692_COCONUT","coconut (fruit)","COCONUT",970
"693_COCONUT","coconut (other parts of the tree)","COCONUT",970
"694_BREADFRUIT","breadfruit tree and breadfruit","BREADFRUIT",2371
"695_SUGAR PALM","sugarpalm, aren tree","SUGAR PALM",3029
"696_LONTAR PALM","lontar tree","LONTAR PALM",3030
"697_NA","palm juice (unfermented)",NA,NA
"698_ALCOHOL (FERMENTED DRINK)","palm wine (fermented)","ALCOHOL (FERMENTED DRINK)",404
"699_ALCOHOL (FERMENTED DRINK)","palmwine","ALCOHOL (FERMENTED DRINK)",404
"700_NA","syrup",NA,NA
"701_SUGAR","sugar","SUGAR",862
"702_NA","nipa palm",NA,NA
"703_SAGO PALM","sago tree","SAGO PALM",2372
"704_SAGO","sago","SAGO",2270
"705_COTTON","cotton","COTTON",1850
"706_KAPOK TREE","kapok","KAPOK TREE",2499
"707_PANDANUS","pandanus","PANDANUS",469
"708_MANGO","mango","MANGO",2398
"709_JACKFRUIT","Artocarpus integrifolia, Jack fruit","JACKFRUIT",2655
"710_NA","Nephelium lappaceum",NA,NA
"711_NA","Durio zibethinus",NA,NA
"712_GUAVA","Eugenia","GUAVA",3981
"713_NA","Lansium domesticum",NA,NA
"714_NA","Averrhoa carambola, carambola",NA,NA
"715_NA","Averrhoa blimbi",NA,NA
"716_BANANA","banana","BANANA",868
"717_PLANTAIN","banana (wild)","PLANTAIN",399
"718_BANANA","banana (fruit)","BANANA",868
"719_CITRUS FRUIT","species of citrus fruit","CITRUS FRUIT",1126
"720_ORANGE (FRUIT)","orange","ORANGE (FRUIT)",2627
"721_GRAPE","grape fruit","GRAPE",920
"722_LEMON","lemon","LEMON",3091
"723_COFFEE","coffee","COFFEE",1299
"724_NA","indigo (plant)",NA,NA
"725_NA","indigo (dye)",NA,NA
"726_NA","Uncaria gambir",NA,NA
"727_NA","Morinda atrocarpus",NA,NA
"728_LIME (MATERIAL)","lime","LIME (MATERIAL)",2540
"729_TURMERIC","Curcuma domestica","TURMERIC",2842
"730_GINGER","ginger","GINGER",2500
"731_RATTAN","rattan, cane","RATTAN",2497
"732_BAMBOO","bamboo","BAMBOO",1927
"733_BAMBOO SHOOT","bamboo shoot, young sprout","BAMBOO SHOOT",2494
"734_TREE","tree","TREE",906
"735_WOOD","wood","WOOD",1803
"736_CLIMB","to climb a tree","CLIMB",1102
"737_CLIMB","to climb","CLIMB",1102
"738_CUT DOWN","to cut down","CUT DOWN",355
"739_BRANCH","branch","BRANCH",1531
"740_TWIG","twig","TWIG",3222
"741_WOOD","the heart of the tree","WOOD",1803
"742_ROOT","main root, taproot","ROOT",670
"743_ROOT","side-root","ROOT",670
"744_ROOT","fibrous root","ROOT",670
"745_LIANA","liana","LIANA",2388
"746_LEAF","leaf","LEAF",628
"747_LEAF","falling of the leaves","LEAF",628
"748_BARK","bark","BARK",1204
"749_THORN","thorn, spine","THORN",124
"750_SAP","sap","SAP",345
"751_GUMS","gum","GUMS",139
"752_BETELNUT","Areca catechu LINN","BETELNUT",217
"753_BETEL PEPPER VINE","betel","BETEL PEPPER VINE",177
"754_RESIN","resin","RESIN",664
"755_RESIN","resin (from the damar tree)","RESIN",664
"756_RESIN","damar tree","RESIN",664
"757_SPROUT (SHOOT)","sprout","SPROUT (SHOOT)",3358
"758_FLOWER","flower","FLOWER",239
"759_FRUIT","fruit","FRUIT",1507
"760_BEAR FRUIT","to bear fruit","BEAR FRUIT",3054
"761_SKIN (OF FRUIT)","rind, peel","SKIN (OF FRUIT)",2373
"762_PEEL","to peel","PEEL",275
"763_STONE (OF FRUIT)","pip, stone","STONE (OF FRUIT)",1762
"764_FLESH","the flesh of the fruit","FLESH",2259
"765_BUNCH","bunch","BUNCH",1966
"766_OIL (HYDROPHOBIC LIQUID)","oil","OIL (HYDROPHOBIC LIQUID)",2556
"767_MOSS","moss","MOSS",637
"768_MUSHROOM","mushroom","MUSHROOM",641
"769_FERN","ferns","FERN",3802
"770_GRASS","grass","GRASS",606
"771_WEED","weeds","WEED",3288
"772_REED","Imperata cylindria (Kunai grass)","REED",659
"773_REED","Saccharum spontaneum","REED",659
"774_ANIMAL","animal, beast","ANIMAL",619
"775_ANIMAL","young of animal (calf, foal, chicken, etc.)","ANIMAL",619
"776_NA","to bleat",NA,NA
"777_PET","to keep animals","PET",3780
"778_TAIL","tail","TAIL",1220
"779_PAW","paw","PAW",2965
"780_HOOF","hoof","HOOF",152
"781_CLAW","claw","CLAW",72
"782_UDDER","udder","UDDER",154
"783_SNOUT","mouth, snout","SNOUT",2200
"784_SNOUT","snout, muzzle","SNOUT",2200
"785_BEAK","bill, beak","BEAK",73
"786_WING","wing","WING",1257
"787_FEATHER","feather","FEATHER",1201
"788_FLY (MOVE THROUGH AIR)","to fly","FLY (MOVE THROUGH AIR)",1441
"789_NEST","nest","NEST",539
"790_EGG","egg","EGG",744
"791_LAY EGGS","to lay eggs","LAY EGGS",2464
"792_BROOD (VERB)","to brood","BROOD (VERB)",2075
"793_HATCH (OUT)","to hatch","HATCH (OUT)",3116
"794_PIG","domesticated pig","PIG",1337
"795_CAGE","piggery","CAGE",3283
"796_WILD BOAR","wild pig","WILD BOAR",3154
"797_NA","to grunt",NA,NA
"798_SHEEP","sheep","SHEEP",1331
"799_GOAT","goat","GOAT",1502
"800_BUFFALO","buffalo (female)","BUFFALO",934
"801_BUFFALO","buffalo (male)","BUFFALO",934
"802_CALF","buffalo (calf)","CALF",1989
"803_COW","cow","COW",1007
"804_BULL","bull","BULL",1008
"805_NA","to bleat, to moo",NA,NA
"806_LOW VOICE","to low, to bellow","LOW VOICE",536
"807_HORSE","horse","HORSE",615
"808_NA","to neigh, to whinny",NA,NA
"809_DEER","deer","DEER",1936
"810_HORN (ANATOMY)","horn","HORN (ANATOMY)",1393
"811_DOG","dog","DOG",2009
"812_BARKING","to bark","BARKING",1206
"813_CAT","cat","CAT",1208
"814_NA","to miaow",NA,NA
"815_TIGER","tiger","TIGER",846
"816_ROAR","to roar","ROAR",3896
"817_BEAR","bear","BEAR",1820
"818_PORCUPINE","porcupine","PORCUPINE",2510
"819_NA","marsupial",NA,NA
"820_MARTEN","marten (paradaxurus)","MARTEN",3739
"821_APE OR MONKEY","half-ape","APE OR MONKEY",3298
"822_ANTEATER","ant-eater (manis javanica)","ANTEATER",181
"823_CASSOWARY","cassowary","CASSOWARY",466
"824_DOVE","pigeon","DOVE",1853
"825_CROW","crow","CROW",913
"826_CHICKEN","hen, chicken","CHICKEN",1318
"827_CHICK","chick","CHICK",2512
"828_HEN","hen","HEN",1514
"829_PARENTS","mother hen","PARENTS",505
"830_ROOSTER","cock, rooster","ROOSTER",1511
"831_ROOSTER","fighting cock","ROOSTER",1511
"832_FIGHT","cock-fighting","FIGHT",1423
"833_DUCK","duck","DUCK",1360
"834_PARROT","parrot","PARROT",882
"835_PARAKEET","parakeet, budgerigar","PARAKEET",886
"836_SWALLOW (BIRD)","swallow","SWALLOW (BIRD)",3077
"837_SPARROW","rice-bird","SPARROW",1854
"838_HORNBILL","hornbill","HORNBILL",3260
"839_QUAIL","quail","QUAIL",1893
"840_HERON","heron","HERON",758
"841_EAGLE OR HAWK","birds of prey","EAGLE OR HAWK",2683
"842_OWL","owl","OWL",735
"843_EAGLE","kite (bird)","EAGLE",1905
"844_BIRD","bird","BIRD",937
"845_SQUIRREL","squirrel","SQUIRREL",1628
"846_BAT","bat","BAT",1793
"847_BAT","bat","BAT",1793
"848_FLYING FOX","flying fox","FLYING FOX",235
"849_DEER","deer","DEER",1936
"850_DEER","cherrotain mousedeer","DEER",1936
"851_MOUSE","mouse","MOUSE",1491
"852_RAT","rat","RAT",1490
"853_SHREW","shrew","SHREW",3676
"854_MONKEY","monkey","MONKEY",1350
"855_HUNT","to hunt","HUNT",1435
"856_TRAP (CATCH)","trap for catching large game","TRAP (CATCH)",1170
"857_TRAP (PITFALL)","trap","TRAP (PITFALL)",1075
"858_TRAP (PITFALL)","bamboo spikes","TRAP (PITFALL)",1075
"859_FISHING","to fish","FISHING",2638
"860_FISH TRAP","fish trap","FISH TRAP",389
"861_NET (FOR CATCHING)","net","NET (FOR CATCHING)",2653
"862_FISH","fish","FISH",227
"863_SHARK","shark","SHARK",1110
"864_STINGRAY","ray","STINGRAY",1910
"865_FRESHWATER EEL","eel","FRESHWATER EEL",1013
"866_LOUSE","louse","LOUSE",1392
"867_NA","to delouse",NA,NA
"868_LOUSE","louse","LOUSE",1392
"869_NIT","nit","NIT",267
"870_FLEA","flea","FLEA",232
"871_SPIDER","spider","SPIDER",843
"872_FLY (INSECT)","fly","FLY (INSECT)",1504
"873_FLY (INSECT)","bluebottle fly","FLY (INSECT)",1504
"874_WASP","wasp","WASP",1517
"875_BEE","bee","BEE",665
"876_HONEY","honey","HONEY",942
"877_MOSQUITO","mosquito","MOSQUITO",1509
"878_BUTTERFLY","butterfly","BUTTERFLY",1791
"879_CATERPILLAR","caterpillar","CATERPILLAR",2247
"880_FIREFLY","firefly","FIREFLY",206
"881_GRASSHOPPER","grasshopper","GRASSHOPPER",607
"882_BEETLE","beetle","BEETLE",2242
"883_COCKROACH","cockroach","COCKROACH",1575
"884_ANT","ant","ANT",587
"885_TERMITE","white ant, termite","TERMITE",883
"886_SNAKE","snake","SNAKE",730
"887_PYTHON","python","PYTHON",1563
"888_CENTIPEDE","centipede","CENTIPEDE",1974
"889_LEECH","leech","LEECH",2273
"890_SNAIL","snail, slug","SNAIL",1543
"891_WORM","worm","WORM",1219
"892_SHRIMP","shrimp","SHRIMP",2349
"893_CRAB","crab","CRAB",2348
"894_SHELL","shell","SHELL",598
"895_NA","crustacean",NA,NA
"896_FROG","frog","FROG",503
"897_TOAD","toad","TOAD",894
"898_LIZARD","lizard","LIZARD",632
"899_IGUANA","iguana","IGUANA",1578
"900_CROCODILE","crocodile","CROCODILE",1857
"901_TORTOISE","tortoise","TORTOISE",895
"902_TURTLE","turtle","TURTLE",112
"903_NA","universe",NA,NA
"904_HEAVEN","firmament","HEAVEN",1565
"905_SKY","sky","SKY",1732
"906_SUN","sun","SUN",1343
"907_ECLIPSE","sun eclipse","ECLIPSE",2285
"908_MOON","moon","MOON",1313
"909_MONTH","one month","MONTH",1370
"910_MONTH","month (name of the months)","MONTH",1370
"911_ECLIPSE","moon eclipse","ECLIPSE",2285
"912_STAR","star","STAR",1430
"913_SUNRISE","sunrise","SUNRISE",2296
"914_DUSK","moonrise","DUSK",2297
"915_SUNSET","sunset","SUNSET",2295
"916_DAWN","moonset","DAWN",729
"917_WORLD","earth (globe)","WORLD",965
"918_AIR","air","AIR",27
"919_RAINING OR RAIN","rain","RAINING OR RAIN",2108
"920_DEW","dew","DEW",1977
"921_CLOUD","cloud","CLOUD",1489
"922_FOG","fog, mist","FOG",249
"923_RAINBOW","rainbow","RAINBOW",1733
"924_THUNDER","thunder","THUNDER",1150
"925_NA","thunderstone",NA,NA
"926_LIGHTNING","(flash of) lightning","LIGHTNING",1654
"927_EARTHQUAKE","earthquake","EARTHQUAKE",6
"928_WIND","wind","WIND",960
"929_STORM","storm","STORM",858
"930_WATER","water","WATER",948
"931_SEA","sea","SEA",1474
"932_CEASE","ebb","CEASE",1928
"933_LAKE","lake","LAKE",624
"934_HIGH TIDE","flood, tide","HIGH TIDE",613
"935_WAVE","wave","WAVE",978
"936_SURF","breakers, surf","SURF",3132
"937_BAY","bay","BAY",663
"938_BEACH","beach","BEACH",3460
"939_STRAIT","strait(s)","STRAIT",1661
"940_NA","sandbank",NA,NA
"941_REEF","coral reef","REEF",660
"942_LAND","land","LAND",626
"943_COUNTRY","land (state)","COUNTRY",1300
"944_ISLAND","island","ISLAND",622
"945_NA","isthmus",NA,NA
"946_CAPE","cape","CAPE",1662
"947_MOUNTAIN","mountain","MOUNTAIN",639
"948_HILL","hill","HILL",614
"949_GO UP (ASCEND)","mountain-climbing, to ascend","GO UP (ASCEND)",705
"950_GO DOWN (DESCEND)","to go down, to descend","GO DOWN (DESCEND)",2014
"951_PLAIN","plain","PLAIN",652
"952_VALLEY","valley","VALLEY",921
"953_SAVANNA","grassy plain","SAVANNA",260
"954_SWAMP","swamp","SWAMP",1145
"955_FOREST","forest, woods","FOREST",420
"956_JUNGLE","jungle","JUNGLE",3808
"957_BUSH","bush","BUSH",1683
"958_VOLCANO","volcano","VOLCANO",2291
"959_PATH OR ROAD","way, road","PATH OR ROAD",2457
"960_MUD","mud","MUD",640
"961_FOOTPRINT","footstep (footprint)","FOOTPRINT",318
"962_BORDER","border, boundary","BORDER",2546
"963_RIVER","river","RIVER",666
"964_BRIDGE","bridge","BRIDGE",1011
"965_SAIL","to go upstream","SAIL",787
"966_SAIL","to go downstream","SAIL",787
"967_SPRING (OF WATER)","spring, source","SPRING (OF WATER)",849
"968_HIGH TIDE","flood","HIGH TIDE",613
"969_STONE","stone","STONE",857
"970_EARTH (SOIL)","earth (ground)","EARTH (SOIL)",1228
"971_SAND","sand","SAND",671
"972_GRAVEL","gravel","GRAVEL",3028
"973_IRON","iron","IRON",621
"974_COPPER","copper","COPPER",1825
"975_BRONZE","bronze","BRONZE",2313
"976_SILVER","silver","SILVER",759
"977_GOLD","gold","GOLD",1369
"978_TIN (METAL)","tin","TIN (METAL)",893
"979_LEAD (CHEMICAL ELEMENT)","lead","LEAD (CHEMICAL ELEMENT)",627
"980_SULPHUR","sulphur","SULPHUR",3386
"981_BLACKSMITH","smith","BLACKSMITH",1001
"982_NA","smithy",NA,NA
"983_FORGE","to forge, weld","FORGE",288
"984_CHARCOAL","charcoal","CHARCOAL",1188
"985_HAMMER","hammer","HAMMER",1481
"986_ANVIL","anvil","ANVIL",1648
"987_TONGS","tongs","TONGS",272
"988_CHARCOAL","cinders, glowing coals","CHARCOAL",1188
"989_SHARPEN (SOMETHING)","to sharpen, to grind","SHARPEN (SOMETHING)",251
"990_GRINDSTONE","grindstone","GRINDSTONE",2459
"991_GIFT","gift, present","GIFT",2982
"992_NA","to negotiate",NA,NA
"993_PEACE","to make peace","PEACE",1338
"994_AGREEMENT","to sign a treaty","AGREEMENT",3644
"995_MERCHANT","merchant","MERCHANT",1082
"996_FARMER","farmer","FARMER",979
"997_NA","craftsmen",NA,NA
"998_SERVANT","servant","SERVANT",255
"999_NA","follower",NA,NA
"1000_COMPANION","ally","COMPANION",3978
"1001_SHOP","shop","SHOP",746
"1002_MARKET","market","MARKET",633
"1003_TRADE","to trade","TRADE",898
"1004_MERCHANDISE","merchandise","MERCHANDISE",3406
"1005_NEEDLE (FOR SEWING)","needle","NEEDLE (FOR SEWING)",1382
"1006_SEW","to sew","SEW",1457
"1007_PRICE","price","PRICE",657
"1008_BENEFIT","profit","BENEFIT",2929
"1009_NA","loss",NA,NA
"1010_BUY","to buy","BUY",1869
"1011_EXPENSIVE","expensive","EXPENSIVE",1426
"1012_CHEAP","cheap","CHEAP",1887
"1013_DEBT","debt","DEBT",1914
"1014_GATHER","to dun","GATHER",7
"1015_PAY","to pay","PAY",718
"1016_SELL","to sell","SELL",1571
"1017_BORROW","to borrow","BORROW",1823
"1018_LEND","to lend to","LEND",582
"1019_EXCHANGE","to exchange","EXCHANGE",2509
"1020_DONATE","to offer","DONATE",196
"1021_NA","to pawn",NA,NA
"1022_NA","to bargain",NA,NA
"1023_FILL","to fill","FILL",2006
"1024_STEELYARD (BALANCE)","steelyard, weigh-beam","STEELYARD (BALANCE)",2687
"1025_SCALES (MEASURE INSTRUMENT)","a pair of scales","SCALES (MEASURE INSTRUMENT)",2783
"1026_LENGTH","measures and weights (length)","LENGTH",2537
"1027_WEIGHT","measures and weights (mass)","WEIGHT",2466
"1028_CONTENT","measures and weights (volume and capacity)","CONTENT",3967
"1029_SHIP","ship (trading vessel)","SHIP",740
"1030_SHIP","ship (warship)","SHIP",740
"1031_BOAT","steamboat","BOAT",1844
"1032_BOAT","rowboat","BOAT",1844
"1033_CANOE","proa, canoe","CANOE",1970
"1034_SHIP","all sorts of vessels","SHIP",740
"1035_MAST","mast","MAST",184
"1036_SAILCLOTH","sail","SAILCLOTH",786
"1037_SAIL","to sail","SAIL",787
"1038_RUDDER","rudder, helm","RUDDER",108
"1039_SAIL","to sail","SAIL",787
"1040_OAR OR PADDLE","oar, paddle","OAR OR PADDLE",3318
"1041_PADDLE","paddle","PADDLE",234
"1042_PADDLE (MOVEMENT)","to paddle","PADDLE (MOVEMENT)",3668
"1043_ROW","to row, to pull","ROW",1849
"1044_OUTRIGGER","outrigger","OUTRIGGER",416
"1045_NA","thwarts",NA,NA
"1046_NA","stem, bows",NA,NA
"1047_NA","stern",NA,NA
"1048_LOAD (SOMETHING)","to take on cargo","LOAD (SOMETHING)",3669
"1049_ANCHOR","anchor","ANCHOR",1870
"1050_RAFT","raft","RAFT",1664
"1051_PORT","harbour","PORT",610
"1052_NA","to be wrecked",NA,NA
"1053_NA","pirate",NA,NA
"1054_NA","landing-stage",NA,NA
"1055_LAND (DESCEND)","to disembark","LAND (DESCEND)",1922
"1056_SAIL","to sail away","SAIL",787
"1057_TURN AROUND","to capsize","TURN AROUND",1444
"1058_NA","kidnapper",NA,NA
"1059_TORTURE","to ill-treat, to mishandle","TORTURE",1952
"1060_NA","to ransom",NA,NA
"1061_BIG","great, big","BIG",1202
"1062_SMALL","small","SMALL",1246
"1063_LONG","long (things)","LONG",1203
"1064_FOR A LONG TIME","long (time)","FOR A LONG TIME",418
"1065_SHORT","short (things)","SHORT",1645
"1066_SHORT (TIME)","short (time)","SHORT (TIME)",3312
"1067_FAT (OBESE)","big, fat","FAT (OBESE)",1279
"1068_THICK","thick","THICK",1244
"1069_THICK","thick","THICK",1244
"1070_FINE OR THIN","thin","FINE OR THIN",2157
"1071_THIN (SLIM)","thin, meagre, skinny","THIN (SLIM)",1400
"1072_FAT (OBESE)","fat (adj.)","FAT (OBESE)",1279
"1073_FAT (ORGANIC SUBSTANCE)","fat, grease (noun)","FAT (ORGANIC SUBSTANCE)",323
"1074_GREASY","greasy","GREASY",955
"1075_THIN (SLIM)","slim","THIN (SLIM)",1400
"1076_NA","dwarf",NA,NA
"1077_SHRINK","diminished in size, boiled down, shrunken","SHRINK",54
"1078_GROW","to grow","GROW",479
"1079_TAME","tame","TAME",2838
"1080_UNTAMED OR WILD","wild","UNTAMED OR WILD",2230
"1081_SHY","wary, shy, timid","SHY",487
"1082_SHY OR ASHAMED","shy, ashamed","SHY OR ASHAMED",3805
"1083_DEEP","deep (river)","DEEP",1593
"1084_DEEP","deep (dish)","DEEP",1593
"1085_SHALLOW","shallow (river)","SHALLOW",193
"1086_SHALLOW","shallow (dish)","SHALLOW",193
"1087_HIGH OR TALL","high","HIGH OR TALL",2790
"1088_LOW","low","LOW",721
"1089_STRAIGHT","straight","STRAIGHT",1404
"1090_CROOKED","crooked, bent","CROOKED",297
"1091_CURVED","curved, winding","CURVED",1698
"1092_THIN (OF SHAPE OF OBJECT)","flat","THIN (OF SHAPE OF OBJECT)",2249
"1093_FLAT","even","FLAT",1633
"1094_SMOOTH","smooth","SMOOTH",1234
"1095_HEAVY","heavy","HEAVY",1210
"1096_LIGHT (WEIGHT)","light","LIGHT (WEIGHT)",1052
"1097_SLANTED","slanting, sloping","SLANTED",3075
"1098_SHARP","sharp","SHARP",1396
"1099_BLUNT","blunt","BLUNT",379
"1100_POINTED","pointed","POINTED",372
"1101_HARD","hard","HARD",1884
"1102_WEAK","weak","WEAK",1601
"1103_SOFT","soft","SOFT",1856
"1104_KIND","warm (persons)","KIND",3299
"1105_WARM","warm (things)","WARM",1232
"1106_HOSTILITY","cold (persons)","HOSTILITY",3955
"1107_COLD","cold (things)","COLD",1287
"1108_SHIVER","to shiver","SHIVER",52
"1109_ROUND","round, circular (as a stick)","ROUND",1395
"1110_ROUND","round, circular (as a dish)","ROUND",1395
"1111_SPHERICAL (ROUND IN THREE DIMENSIONS)","globular, round","SPHERICAL (ROUND IN THREE DIMENSIONS)",2303
"1112_SQUARE","square","SQUARE",850
"1113_BROAD","broad","BROAD",2531
"1114_SMALL","small","SMALL",1246
"1115_NARROW","narrow","NARROW",1267
"1116_WIDE","wide","WIDE",1243
"1117_STRONG","strong","STRONG",785
"1118_WEAK","weak","WEAK",1601
"1119_BRAVE","brave, bold","BRAVE",3
"1120_COWARDLY","cowardly","COWARDLY",3812
"1121_LAZY","lazy","LAZY",1564
"1122_DILIGENT","diligent","DILIGENT",2077
"1123_STINGY","stingy","STINGY",1774
"1124_GENTLE","mild, tender","GENTLE",1954
"1125_DRY","dry","DRY",1398
"1126_DRY IN SUN","to dry in the sun","DRY IN SUN",3364
"1127_WET","wet","WET",1726
"1128_HUMID","humid","HUMID",143
"1129_ROTTEN","rotten","ROTTEN",1728
"1130_GOOD","good","GOOD",1035
"1131_BAD","bad","BAD",1292
"1132_BEAUTIFUL","beautiful (persons)","BEAUTIFUL",1427
"1133_HANDSOME","beautiful (male)","HANDSOME",3814
"1134_GOOD-LOOKING","beautiful (fem.)","GOOD-LOOKING",2410
"1135_GOOD","beautiful (things)","GOOD",1035
"1136_UGLY","ugly (persons)","UGLY",1548
"1137_UGLY","ugly (male)","UGLY",1548
"1138_UGLY","ugly (female)","UGLY",1548
"1139_UGLY","ugly (things)","UGLY",1548
"1140_WRONG","wrong, false","WRONG",1390
"1141_TRUE","true, right","TRUE",1657
"1142_EMPTY","empty","EMPTY",1624
"1143_FULL","full","FULL",1429
"1144_ANGRY","angry","ANGRY",1826
"1145_MAD","mad","MAD",1899
"1146_FASTEN","tightly bound","FASTEN",1094
"1147_FASTEN","tightly fitting","FASTEN",1094
"1148_LOOSE","loose","LOOSE",2506
"1149_LOOSE","loosely fitting","LOOSE",2506
"1150_OLD","old","OLD",1229
"1151_OLD (USED)","old, worn","OLD (USED)",2113
"1152_YOUNG","young","YOUNG",1207
"1153_NEW","new","NEW",1231
"1154_POOR","poor","POOR",1674
"1155_RICH","wealthy","RICH",712
"1156_TIRED","tired","TIRED",1757
"1157_FAST","fast","FAST",1631
"1158_SLOW","slow","SLOW",701
"1159_DUMB","dumb","DUMB",1492
"1160_CLEVER","clever","CLEVER",1310
"1161_SWEET","sweet","SWEET",717
"1162_SOUR","sour","SOUR",1906
"1163_BITTER","bitter","BITTER",887
"1164_ASTRINGENT","astringent","ASTRINGENT",3837
"1165_SPICY","hot, spicy","SPICY",544
"1166_SALTY","salty","SALTY",1091
"1167_WHITE","white","WHITE",1335
"1168_BLACK","black","BLACK",163
"1169_RED","red","RED",156
"1170_BROWN","brown","BROWN",2409
"1171_YELLOW","yellow","YELLOW",1424
"1172_BLUE","blue","BLUE",837
"1173_GREEN","green","GREEN",1425
"1174_LOOK FOR","to look for","LOOK FOR",1468
"1175_FIND","to find","FIND",719
"1176_GIVE","to give","GIVE",1447
"1177_GIVE","to hand, to pass","GIVE",1447
"1178_ACCEPT","to accept","ACCEPT",3898
"1179_TAKE","to take","TAKE",1749
"1180_GET","to get","GET",694
"1181_CARRY IN HAND","to take away","CARRY IN HAND",412
"1182_CARRY IN HAND","to take along","CARRY IN HAND",412
"1183_BRING","to bring","BRING",692
"1184_ACCOMPANY","to accompany","ACCOMPANY",1542
"1185_HOLD","to grip, to hold, to seize","HOLD",1448
"1186_LEAD (GUIDE)","to lead by the hand","LEAD (GUIDE)",43
"1187_DO OR MAKE","to make, to do","DO OR MAKE",2575
"1188_PREPARE","to prepare, to make ready","PREPARE",2909
"1189_WASH","to wash up (dishes, spoons, etc.)","WASH",1453
"1190_LAUNDER (WASH CLOTHES)","to wash (clothes)","LAUNDER (WASH CLOTHES)",2503
"1191_WASH (ONESELF)","to wash (face)","WASH (ONESELF)",3371
"1192_WASH (ONESELF)","to wash (hair)","WASH (ONESELF)",3371
"1193_KNOW","to know","KNOW",3626
"1194_THINK","to think","THINK",2271
"1195_KNOW (SOMETHING)","to know","KNOW (SOMETHING)",1410
"1196_REMEMBER","to remember","REMEMBER",707
"1197_FORGET","to have forgotten something","FORGET",1523
"1198_DENY","to deny","DENY",755
"1199_ADMIT","to confess","ADMIT",2022
"1200_BE SILENT","to be silent","BE SILENT",48
"1201_MUMBLE","to mumble","MUMBLE",128
"1202_SPEAK","to speak","SPEAK",1623
"1203_SING","to sing","SING",1261
"1204_WHISPER","to whisper","WHISPER",55
"1205_SAY","to say","SAY",1458
"1206_CALL","to call","CALL",1084
"1207_ABUSE","to abuse, to scold","ABUSE",1953
"1208_BE ABLE","to be able to","BE ABLE",972
"1209_ALLOW","to be allowed","ALLOW",3238
"1210_WORK (ACTIVITY)","to work","WORK (ACTIVITY)",1086
"1211_CARRY ON SHOULDER","to shoulder","CARRY ON SHOULDER",413
"1212_CARRY ON HEAD","to carry on the head","CARRY ON HEAD",414
"1213_NA","to carry something hanging from the hand",NA,NA
"1214_NA","to carry on the hip",NA,NA
"1215_CARRY UNDER ARM","to carry under the arm","CARRY UNDER ARM",415
"1216_CARRY IN HAND","to carry in the hand","CARRY IN HAND",412
"1217_CARRY ON BACK","to carry on the back (with strap over the shoulder or head)","CARRY ON BACK",465
"1218_NA","to carry in a sarong",NA,NA
"1219_CARRY","to carry","CARRY",700
"1220_CARRY ON BACK","to carry on the back","CARRY ON BACK",465
"1221_NA","to carry in front of oneself",NA,NA
"1222_WAKE UP","to wake, to watch","WAKE UP",1602
"1223_AWAKE","to be awake","AWAKE",825
"1224_GUARD","to guard, to watch","GUARD",1940
"1225_NA","to spy",NA,NA
"1226_WAIT (FOR)","to wait","WAIT (FOR)",1590
"1227_HEAR","to hear","HEAR",1408
"1228_SEE","to see","SEE",1409
"1229_SMELL (PERCEIVE)","to smell","SMELL (PERCEIVE)",1586
"1230_FEEL","to feel","FEEL",1079
"1231_FEEL (TACTUALLY)","to feel, to touch","FEEL (TACTUALLY)",2559
"1232_TASTE (SOMETHING)","to taste","TASTE (SOMETHING)",21
"1233_CONSUME (DRINK OR EAT)","to slurp","CONSUME (DRINK OR EAT)",2787
"1234_BLOW (WITH NOSE)","to blow the nose","BLOW (WITH NOSE)",2679
"1235_SUCK","to suck","SUCK",1421
"1236_KISS","to kiss","KISS",578
"1237_SNIFF","to sniff","SNIFF",375
"1238_LOVE","to love","LOVE",923
"1239_HATE","to hate","HATE",1607
"1240_JEALOUS","jealous","JEALOUS",2821
"1241_AGREE","to approve","AGREE",3643
"1242_DESIRE","to wish","DESIRE",2117
"1243_WANT","to want","WANT",1784
"1244_WANT","to want something","WANT",1784
"1245_OPEN","to open","OPEN",1156
"1246_SHUT","to close","SHUT",1046
"1247_CUT","to cut off","CUT",1432
"1248_INCREASE","to multiply, to add, to increase","INCREASE",1041
"1249_JUMP","to spring, to jump","JUMP",1829
"1250_DIVE","to jump down","DIVE",119
"1251_HIT","to hit, to touch","HIT",1433
"1252_HIT","hit, touched","HIT",1433
"1253_BREAK (CLEAVE)","to break (a stick)","BREAK (CLEAVE)",2558
"1254_BREAK (OF ROPE)","to break (a rope)","BREAK (OF ROPE)",460
"1255_BROKEN (SHATTERED)","to shatter","BROKEN (SHATTERED)",3191
"1256_BROKEN","broken (a stick)","BROKEN",588
"1257_BROKEN","broken (rope)","BROKEN",588
"1258_BROKEN (SHATTERED)","shattered","BROKEN (SHATTERED)",3191
"1259_SQUEEZE","to pinch, to squeeze","SQUEEZE",1414
"1260_BEGIN","to begin (tr.)","BEGIN",1806
"1261_START","to begin (intr.)","START",3449
"1262_FINISH","to finish (tr.)","FINISH",1766
"1263_CEASE OR FINISH","to finish (intr.)","CEASE OR FINISH",2115
"1264_TIE","to bind, to tie","TIE",1917
"1265_HIDE (CONCEAL)","to hide (something to hide)","HIDE (CONCEAL)",602
"1266_HIDE","to hide","HIDE",2486
"1267_ASK (INQUIRE)","to ask","ASK (INQUIRE)",1309
"1268_ANSWER","to answer","ANSWER",1275
"1269_ASK (REQUEST)","to ask for","ASK (REQUEST)",1828
"1270_REFUSE","to refuse","REFUSE",49
"1271_DECEIVE","to cheat, to deceive","DECEIVE",3230
"1272_LIE (MISLEAD)","to tell lies","LIE (MISLEAD)",601
"1273_STEAL","to steal","STEAL",713
"1274_THROW AWAY","to throw away","THROW AWAY",3696
"1275_THROW","to throw","THROW",1456
"1276_BURN (SOMETHING)","to burn (tr.)","BURN (SOMETHING)",141
"1277_BURNING","to burn (intr.)","BURNING",1428
"1278_DIG","to dig","DIG",1418
"1279_GO","to go","GO",695
"1280_GO","to go there","GO",695
"1281_COMMAND","to send (out), to order, to command","COMMAND",1998
"1282_SEND","to send","SEND",1127
"1283_COME","to come","COME",1446
"1284_ARRIVE","to arrive","ARRIVE",1387
"1285_COME","to be coming","COME",1446
"1286_LEAVE","to depart","LEAVE",1752
"1287_MEET","to meet","MEET",1831
"1288_MEET","to meet one another","MEET",1831
"1289_GATHER","to collect","GATHER",7
"1290_ASSEMBLE (GET TOGETHER)","to gather, to meet","ASSEMBLE (GET TOGETHER)",3638
"1291_STRIKE OR BEAT","to hit (to beat, to slap, etc.)","STRIKE OR BEAT",2133
"1292_REVENGE","to take revenge","REVENGE",495
"1293_ONE","one","ONE",1493
"1294_TWO","two","TWO",1498
"1295_THREE","three","THREE",492
"1296_FOUR","four","FOUR",1500
"1297_FIVE","five","FIVE",493
"1298_SIX","six","SIX",1703
"1299_SEVEN","seven","SEVEN",1704
"1300_EIGHT","eight","EIGHT",1705
"1301_NINE","nine","NINE",1483
"1302_TEN","ten","TEN",1515
"1303_ELEVEN","eleven","ELEVEN",1706
"1304_TWELVE","twelve","TWELVE",1707
"1305_THIRTEEN","thirteen","THIRTEEN",1708
"1306_FOURTEEN","fourteen","FOURTEEN",2451
"1307_FIFTEEN","fifteen","FIFTEEN",1709
"1308_SIXTEEN","sixteen","SIXTEEN",2454
"1309_SEVENTEEN","seventeen","SEVENTEEN",2453
"1310_EIGHTEEN","eighteen","EIGHTEEN",1713
"1311_NINETEEN","nineteen","NINETEEN",1714
"1312_TWENTY","twenty","TWENTY",1710
"1313_TWENTY ONE","twenty one","TWENTY ONE",1734
"1314_NUMBER","twenty one, twenty two, etc.","NUMBER",1356
"1315_TWENTY FIVE","twenty five","TWENTY FIVE",1738
"1316_THIRTY","thirty","THIRTY",1715
"1317_FORTY","fourty","FORTY",1716
"1318_FIFTY","fifty","FIFTY",1717
"1319_SIXTY","sixty","SIXTY",1718
"1320_SEVENTY","seventy","SEVENTY",1721
"1321_EIGHTY","eighty","EIGHTY",1722
"1322_NINETY","ninety","NINETY",1724
"1323_HUNDRED","hundred","HUNDRED",1634
"1324_THOUSAND","thousand","THOUSAND",1843
"1325_TEN THOUSAND","ten thousand","TEN THOUSAND",2078
"1326_HALF","a half","HALF",816
"1327_NA","a quarter",NA,NA
"1328_ONE TIME","once","ONE TIME",374
"1329_TWICE","twice","TWICE",1546
"1330_FIRST","first (in space)","FIRST",728
"1331_FIRST","first (in time)","FIRST",728
"1332_SECOND","second (in space)","SECOND",1384
"1333_SECOND","second (in time)","SECOND",1384
"1334_THIRD","third (in space)","THIRD",1859
"1335_THIRD","third (in time)","THIRD",1859
"1336_LAST (FINAL)","the last (in space)","LAST (FINAL)",1529
"1337_LAST (FINAL)","the last (in time)","LAST (FINAL)",1529
"1338_HOW MANY","how much, how many","HOW MANY",822
"1339_MANY","many, much","MANY",1198
"1340_A LITTLE","few, a little","A LITTLE",2924
"1341_NA","finished",NA,NA
"1342_THERE IS OR THERE ARE","there are","THERE IS OR THERE ARE",2152
"1343_LACK (NOT HAVE)","there are not","LACK (NOT HAVE)",2329
"1344_THERE IS OR THERE ARE","there is something","THERE IS OR THERE ARE",2152
"1345_NOTHING","there is nothing","NOTHING",687
"1346_NOTHING","there is nothing left","NOTHING",687
"1347_MORE","more","MORE",1992
"1348_MANY","most","MANY",1198
"1349_FEW","less","FEW",1242
"1350_ALL","all","ALL",98
"1351_WHOLE","whole","WHOLE",2277
"1352_TOGETHER","together","TOGETHER",2482
"1353_SIMILAR","alike, similar","SIMILAR",1558
"1354_ENOUGH","enough","ENOUGH",1881
"1355_OTHER OR SOME","only, some","OTHER OR SOME",3863
"1356_FEW","a few, some","FEW",1242
"1357_I","I","I",1209
"1358_I","I myself","I",1209
"1359_THOU","you (sing.)","THOU",1215
"1360_YOU","you (pl.)","YOU",1213
"1361_YOU","you all (excluding those absent)","YOU",1213
"1362_YOU","you","YOU",1213
"1363_HE","he","HE",1211
"1364_SHE","she","SHE",1834
"1365_WE (INCLUSIVE)","we (inclusive)","WE (INCLUSIVE)",1131
"1366_WE (EXCLUSIVE)","we (exclusive)","WE (EXCLUSIVE)",1130
"1367_THEY","they (female)","THEY",817
"1368_THEY","they (male)","THEY",817
"1369_MY","my (sing.)","MY",2090
"1370_MY","my (pl.)","MY",2090
"1371_OUR","our (inclusive)","OUR",780
"1372_OUR","our (exclusive)","OUR",780
"1373_YOUR (SINGULAR)","your (sing.)","YOUR (SINGULAR)",732
"1374_YOUR (PLURAL)","your (pl.)","YOUR (PLURAL)",2274
"1375_THEIR","their (female)","THEIR",2400
"1376_THEIR","their (male)","THEIR",2400
"1377_HER (GENITIVE OF SHE)","her","HER (GENITIVE OF SHE)",2474
"1378_HIS (GENITIVE OF HE)","his","HIS (GENITIVE OF HE)",2473
"1379_WHO","who?","WHO",1235
"1380_WHAT","what?","WHAT",1236
"1381_WHICH","which house?","WHICH",727
"1382_WHICH","which?","WHICH",727
"1383_THIS","this","THIS",1214
"1384_THAT","that","THAT",78
"1385_THAT","that (nearby)","THAT",78
"1386_THAT","that (faraway)","THAT",78
"1387_OVER THERE","overthere, yonder","OVER THERE",3411
"1388_HERE","here","HERE",136
"1389_THERE","there (near hearer)","THERE",1937
"1390_THERE","there","THERE",1937
"1391_WHICH","which, who, that","WHICH",727
"1392_EARLY","early, soon","EARLY",672
"1393_BE LATE","late","BE LATE",425
"1394_DAY (24 HOURS)","day","DAY (24 HOURS)",1260
"1395_WEEK","week","WEEK",1469
"1396_DAY (24 HOURS)","the day of the week","DAY (24 HOURS)",1260
"1397_DAY (NOT NIGHT)","daylight","DAY (NOT NIGHT)",1225
"1398_LIGHT (RADIATION)","light","LIGHT (RADIATION)",630
"1399_HOUR","hour","HOUR",1353
"1400_DAY (24 HOURS)","twenty four hours","DAY (24 HOURS)",1260
"1401_DARK","night (darkness)","DARK",706
"1402_NIGHT","night (time of the night)","NIGHT",1233
"1403_DARK","dark","DARK",706
"1404_DRY SEASON","dry season","DRY SEASON",452
"1405_RAINY SEASON","rainy season, wet season","RAINY SEASON",453
"1406_YEAR","year","YEAR",1226
"1407_SEASON","monsoon","SEASON",691
"1408_NOW","now","NOW",1376
"1409_SOON","shortly","SOON",703
"1410_NOW OR TODAY","now, at present","NOW OR TODAY",2097
"1411_ONCE (IN THE PAST)","formerly","ONCE (IN THE PAST)",2914
"1412_IN FRONT OF","before (place)","IN FRONT OF",1883
"1413_BEFORE","before (time)","BEFORE",1882
"1414_ONCE (IN THE PAST)","formerly","ONCE (IN THE PAST)",2914
"1415_LATE","later","LATE",477
"1416_ONCE (IN THE PAST)","a moment ago","ONCE (IN THE PAST)",2914
"1417_INSTANTLY (IMMEDIATELY)","a moment","INSTANTLY (IMMEDIATELY)",2916
"1418_YESTERDAY","yesterday","YESTERDAY",1174
"1419_DAY BEFORE YESTERDAY","the day before yesterday","DAY BEFORE YESTERDAY",1180
"1420_TODAY","today","TODAY",1283
"1421_MORNING","this morning","MORNING",1339
"1422_TOMORROW","tomorrow","TOMORROW",1329
"1423_DAY AFTER TOMORROW","the day after tomorrow","DAY AFTER TOMORROW",1179
"1424_MORNING","morning","MORNING",1339
"1425_EVENING","evening","EVENING",1629
"1426_SOMETIMES","now and then, occasionally","SOMETIMES",1544
"1427_WHEN","when","WHEN",1238
"1428_ALREADY","already","ALREADY",2576
"1429_YET","not yet","YET",2577
"1430_ENOUGH","not again","ENOUGH",1881
"1431_NORTH","north","NORTH",1598
"1432_SOUTH","south","SOUTH",1595
"1433_EAST","east","EAST",1877
"1434_WEST","west","WEST",1817
"1435_LEFT","left","LEFT",244
"1436_RIGHT","right","RIGHT",1019
"1437_UP OR ABOVE","up, upper, above","UP OR ABOVE",2379
"1438_ATOP","on the road","ATOP",57
"1439_ABOVE","from above","ABOVE",1741
"1440_BELOW OR UNDER","under","BELOW OR UNDER",1485
"1441_BELOW OR UNDER","from underneath","BELOW OR UNDER",1485
"1442_NA","from-to (place)",NA,NA
"1443_NA","from-to (time)",NA,NA
"1444_BELOW OR UNDER","below, beneath","BELOW OR UNDER",1485
"1445_AT","at","AT",1461
"1446_FROM","from","FROM",693
"1447_UNTIL","until","UNTIL",2753
"1448_AT","at, in","AT",1461
"1449_AT","on","AT",1461
"1450_INSIDE","in, inside","INSIDE",1606
"1451_OUTSIDE","out, outside","OUTSIDE",762
"1452_NEAR","nearby","NEAR",1942
"1453_FAR","far","FAR",1406
"1454_NA","around, surrounding",NA,NA
"1455_OUTSIDE","outside","OUTSIDE",762
"1456_GO OUT","to go outside","GO OUT",1107
"1457_INSIDE","inside, within","INSIDE",1606
"1458_ENTER","to go inside","ENTER",749
"1459_MANY","many","MANY",1198
"1460_WHERE","where","WHERE",1237
"1461_HOW","how","HOW",1239
"1462_SIMILAR","like this, like that","SIMILAR",1558
"1463_SIMILAR","like this","SIMILAR",1558
"1464_SIMILAR","like that","SIMILAR",1558
"1465_WHY","why","WHY",1270
"1466_CERTAIN","certainly, sure","CERTAIN",509
"1467_PERHAPS","maybe","PERHAPS",2278
"1468_VERY","very","VERY",1311
"1469_AND","and","AND",1577
"1470_WITH","with","WITH",1340
"1471_NO","no","NO",1269
"1472_YES","yes","YES",1268
"1473_NO OR NOT","not, no","NO OR NOT",2279
"1474_NO OR NOT","not, no","NO OR NOT",2279
"1475_NO OR NOT","not, no","NO OR NOT",2279
"1476_YES","yes, right, indeed","YES",1268
"1477_ONLY","only","ONLY",1580
"1478_ALMOST","almost","ALMOST",4046
"1479_BUT","but","BUT",3843
"1480_BUT","however, nevertheless","BUT",3843
"1481_BUT","however, nevertheless","BUT",3843
"1482_YET","yet, still","YET",2577
"1483_IF","if","IF",1459
"1484_ALTHOUGH","although","ALTHOUGH",4045
"1485_BECAUSE","because","BECAUSE",1157
"1486_NO OR NOT","no, not a, none","NO OR NOT",2279
